survey_id,employee_id,satisfaction_level,comments,survey_date
1,1,6,Artist fish necessary recognize rich action.,2024-01-07
2,2,3,Land professional eight consider.,2024-05-21
3,2,2,Suggest door parent involve dinner buy accept matter.,2024-01-19
4,2,4,Group suggest notice true.,2024-06-05
5,3,8,Good young hold husband picture good.,2024-01-09
6,3,7,State ahead top phone image.,2024-04-08
7,4,5,Camera security set itself of.,2024-04-27
8,4,1,Place would far number bag.,2024-03-19
9,4,6,Role subject left buy night benefit experience.,2024-01-02
10,5,3,Success include here attorney decide.,2024-01-28
11,5,6,Tell chair form success necessary loss seem.,2024-03-17
12,6,8,Game ready why year hear realize political.,2024-01-18
13,6,8,Interest near continue draw.,2024-04-02
14,7,6,History training piece training decade stage energy training.,2024-04-28
15,8,2,Yard article sound black culture today two.,2024-05-02
16,9,6,Go player purpose hear.,2024-05-26
17,9,10,Hotel certain support shoulder letter what food.,2024-01-31
18,10,10,Employee just especially understand begin wish.,2024-03-11
19,11,4,Republican line brother hear value rule.,2024-06-06
20,12,2,Impact catch rule crime.,2024-02-27
21,12,9,Car community name spring kitchen range certain just.,2024-04-29
22,13,5,Painting summer cup everybody media.,2024-02-09
23,13,7,Table left school smile against develop.,2024-02-19
24,13,7,Less break middle baby.,2024-01-18
25,14,4,Above seat increase wall ready.,2024-05-11
26,14,8,Rule partner often lawyer.,2024-01-23
27,14,8,Central force win trouble floor by economy.,2024-03-11
28,15,5,Gun trip growth stuff Congress figure help population.,2024-04-02
29,16,3,Team voice side through young TV.,2024-03-25
30,16,6,Science interview high community material why knowledge.,2024-02-11
31,17,4,Investment impact role direction.,2024-02-03
32,17,9,Forget responsibility current condition above minute world.,2024-01-07
33,18,5,Put technology operation likely.,2024-01-28
34,18,1,To organization already seek.,2024-04-13
35,19,10,A by in operation.,2024-06-09
36,19,6,Security mean season similar card entire.,2024-06-03
37,19,8,Century not way reality power form.,2024-01-26
38,20,2,Specific including response appear notice.,2024-01-11
39,20,4,A least talk town stop subject realize.,2024-04-14
40,21,5,Gas seat bring whole team just throughout.,2024-05-06
41,21,4,Important Mr create explain during.,2024-02-19
42,22,3,Fact they late good wind tree food.,2024-04-15
43,22,9,Film energy challenge want.,2024-03-06
44,23,9,Itself many finish hospital service beat.,2024-03-02
45,23,3,Return TV strategy opportunity.,2024-01-31
46,23,6,Treatment scene manager professor a surface teach she.,2024-05-18
47,24,8,Class get together ability line.,2024-03-20
48,25,6,Bank town collection travel ok month.,2024-05-30
49,25,1,Relationship east her memory past clear.,2024-02-12
50,26,2,Necessary manager back call power.,2024-04-18
51,26,2,Hotel gas represent ground.,2024-05-16
52,27,9,Become good happy reality case.,2024-05-08
53,28,4,Poor area machine behind add.,2024-04-07
54,28,10,Energy degree rest carry price.,2024-02-09
55,28,1,Southern thus any cover work.,2024-01-09
56,29,2,Tax career join appear her paper sort.,2024-01-27
57,29,8,Air break so life.,2024-05-18
58,29,8,Whose leader admit myself community ask thing.,2024-01-26
59,30,6,Mention and charge realize official chance.,2024-04-12
60,30,10,Wrong us whether news.,2024-03-10
61,31,7,Bar determine worry check behavior than third first.,2024-04-11
62,32,9,Face economy well sometimes like catch list.,2024-04-23
63,33,3,During stand chair.,2024-02-09
64,34,5,Trade west evidence no.,2024-01-20
65,34,5,Six by little magazine.,2024-04-04
66,34,1,Two employee land only capital former behavior.,2024-02-08
67,35,2,Computer room stock special I week section.,2024-01-26
68,35,3,Still indicate lead south.,2024-01-17
69,36,4,Education play read center management account executive despite.,2024-01-11
70,36,10,Spend hair they nation for.,2024-05-21
71,36,10,Onto trial every within whole.,2024-05-18
72,37,4,Other senior increase evening give ok own.,2024-04-20
73,37,4,Billion own for my true.,2024-05-26
74,37,7,Dinner population option save their.,2024-02-08
75,38,7,Stand front here yet tend customer strategy idea.,2024-05-29
76,38,2,Picture but relationship member best million open by.,2024-02-07
77,39,7,Keep hope law.,2024-01-11
78,40,2,Pm support glass business mean police than.,2024-04-13
79,40,6,Them according local girl evidence save sister action.,2024-03-06
80,41,7,Reach pay plan maybe case big majority.,2024-01-12
81,41,10,Goal effect reduce score certainly conference media.,2024-03-08
82,42,5,Cell lead people second.,2024-06-09
83,42,6,Day authority enter fish discuss.,2024-02-25
84,43,4,For free knowledge trouble difficult which support.,2024-05-13
85,43,8,Usually hope crime.,2024-03-07
86,44,4,Letter purpose hot each information risk paper speak.,2024-04-30
87,45,6,History local someone participant at to.,2024-04-14
88,46,2,Back plan gas.,2024-03-23
89,46,2,Year audience decade approach.,2024-02-12
90,47,10,Rock arm project garden here music.,2024-03-04
91,48,9,Reduce center decision human until can assume low.,2024-04-25
92,48,1,Attention customer garden natural star.,2024-05-31
93,48,4,Too feeling truth theory accept enough.,2024-02-18
94,49,5,Director seem history rest.,2024-02-14
95,49,3,Paper character finish number.,2024-05-23
96,50,3,Game against cultural effort morning nation.,2024-02-04
97,51,4,Go good question pretty suffer once least.,2024-05-17
98,51,3,Task new field responsibility race option support.,2024-04-03
99,51,2,Grow know fly prepare note.,2024-01-23
100,52,8,Say letter say ok.,2024-01-21
101,52,7,Draw special player one either.,2024-01-14
102,53,8,True cut choice though buy program painting civil.,2024-01-06
103,53,4,Care him per opportunity measure.,2024-01-13
104,54,10,Reality practice either modern center.,2024-06-03
105,55,4,Central husband wish follow fill see nice catch.,2024-06-10
106,56,9,Leave serious box no administration Republican.,2024-05-25
107,57,6,Car sit ground interesting tonight.,2024-01-25
108,58,4,Almost improve concern find road tend production.,2024-05-21
109,59,10,Science able shake him certainly.,2024-06-06
110,59,5,Crime wonder police community this page.,2024-04-29
111,60,2,Go along once treat method page.,2024-06-08
112,61,1,Current consumer after character maintain some administration.,2024-05-29
113,61,3,Activity training partner.,2024-03-29
114,62,3,Friend agree author north table as.,2024-05-15
115,62,10,Behind play end its.,2024-05-03
116,63,5,Past south economy happy.,2024-05-01
117,63,6,History those light leave.,2024-04-08
118,64,9,Woman ability bad employee standard various themselves.,2024-03-30
119,64,3,Should make kind enjoy today.,2024-05-13
120,65,1,Physical mission would debate big.,2024-04-07
121,65,1,Land sing trade gun whole which paper total.,2024-02-17
122,66,8,Body back admit identify thought.,2024-04-10
123,66,6,Not worker report garden speak piece quality.,2024-06-04
124,66,10,Spend budget board.,2024-05-27
125,67,10,Physical media rate end opportunity.,2024-04-22
126,67,8,Plant market table task cost often six court.,2024-04-18
127,67,6,Wonder positive will movement future form all season.,2024-02-21
128,68,2,New president let friend red money fund eight.,2024-05-12
129,68,9,Image voice wear nature case business nearly peace.,2024-05-17
130,69,10,Mind seat individual cultural.,2024-01-16
131,69,6,Black center far term expect specific similar.,2024-04-11
132,70,9,Your stand program explain task debate offer.,2024-04-17
133,70,3,Fall citizen song teach theory inside soon daughter.,2024-04-23
134,71,1,Tree stop rather approach eight perhaps.,2024-05-16
135,71,8,Month fight would morning room speak.,2024-05-26
136,71,8,Call society card per glass care.,2024-03-29
137,72,4,Finally couple various set hundred.,2024-06-08
138,73,6,Key condition south short letter identify direction.,2024-05-19
139,74,6,Mind become sometimes know receive create.,2024-05-24
140,74,8,Hope husband player policy him various.,2024-02-26
141,75,8,Key describe find.,2024-04-14
142,75,9,Very later always network church.,2024-04-26
143,76,9,Very assume five pretty follow.,2024-05-29
144,77,7,Specific threat interview heart determine apply.,2024-03-14
145,78,4,Offer concern test sit beat decision address.,2024-02-03
146,79,3,Happen knowledge instead worry majority.,2024-05-09
147,80,4,Travel any certain time various fly trip sister.,2024-05-01
148,80,8,Wall despite run I onto year.,2024-04-13
149,80,8,So cut team money provide join.,2024-05-28
150,81,3,Maintain commercial view.,2024-03-28
151,81,8,Edge class include character.,2024-05-28
152,81,3,Rise ahead natural question population.,2024-05-12
153,82,10,Quickly recently whatever join range.,2024-06-03
154,82,8,Space right take ever suddenly want phone.,2024-05-12
155,82,7,Generation man decade.,2024-02-25
156,83,5,Measure factor nice free phone current drop first.,2024-02-01
157,83,9,Thought build those successful quite seat note wind.,2024-01-05
158,83,10,Something provide lead long before site until director.,2024-02-01
159,84,5,Learn dinner success health open return defense.,2024-01-26
160,84,1,National we fight catch.,2024-02-09
161,85,8,World study beat.,2024-01-05
162,86,3,Thought scientist project whole force time.,2024-06-03
163,86,10,Kid myself institution north else necessary.,2024-03-12
164,87,1,High our commercial spring.,2024-02-27
165,88,3,Wind factor defense four range free.,2024-05-16
166,88,8,Minute suddenly when lose design often.,2024-01-20
167,89,4,Letter table civil walk finally store operation.,2024-03-18
168,89,10,Manager at tell before forget commercial often.,2024-03-24
169,90,4,Pass brother film score available individual.,2024-02-02
170,90,8,Anything fish source interest myself.,2024-03-08
171,91,5,Gun market space item cover parent give.,2024-01-17
172,91,10,Than person yard billion approach.,2024-02-05
173,91,2,End notice we all yes recently voice information.,2024-06-05
174,92,7,Shoulder not bad within total off blue mention.,2024-01-30
175,93,7,Manage tough about appear foot thousand.,2024-03-31
176,94,10,From seem method tree.,2024-01-14
177,95,10,Effect modern stay effort contain already although.,2024-03-29
178,96,7,Represent outside music trial those.,2024-05-01
179,96,8,Could attack truth police rest paper.,2024-01-05
180,96,4,Stage animal common.,2024-05-21
181,97,2,Might heart big health.,2024-04-24
182,98,1,Play enter book term mother suffer.,2024-03-24
183,99,8,Next meet create.,2024-01-05
184,99,10,Pressure break community answer something share.,2024-04-17
185,99,5,Almost serve control.,2024-04-17
186,100,7,Western their opportunity both over them section.,2024-03-03
187,100,1,Stage position board pay since determine ten professional.,2024-04-01
188,100,1,Foot way sit TV.,2024-05-09
